id;title;listtitle;longtitle;altimage;phoneCallToActionTitle;seo_title;seo_h1;seo_description;layout;typePost;section;folder;sort;breadcrumbs;alias;banner;thumbnail
1;Диагностика неисправностей;Диагностика неисправностей ноутбука;Диагностика неисправностей ноутбука;Диагностика неисправностей ноутбука;Нужна диагностика неисправностей ноутбука? Звоните!;;;;service;repair-notebook;/services;repair/notebook;100;"[{""name"": ""Услуги"", ""url"": ""/services/""},{""name"": ""Ремонт устройств"", ""url"": ""/services/repair/""},{""name"": ""Ноутбук"", ""url"": ""/services/repair/notebook/""}]";diagnostika-neispravnostei-noutbuka;/assets/images/upload/services/repair/notebook/diagnostika-neispravnostei-noutbuka.jpg;/assets/images/upload/services/repair/notebook/thumb_diagnostika-neispravnostei-noutbuka.jpg
2;Чистка от пыли;Чистка от пыли системы охлаждения ноутбука;Чистка от пыли системы охлаждения ноутбука;Чистка от пыли системы охлаждения ноутбука;Нужно почистить ваш ноутбук от пыли? Звоните!;;;;service;repair-notebook;/services;repair/notebook;200;"[{""name"": ""Услуги"", ""url"": ""/services/""},{""name"": ""Ремонт устройств"", ""url"": ""/services/repair/""},{""name"": ""Ноутбук"", ""url"": ""/services/repair/notebook/""}]";chistka-ot-pyli-sistemy-okhlazhdeniia-noutbuka;/assets/images/upload/services/repair/notebook/chistka-ot-pyli-sistemy-okhlazhdeniia-noutbuka.jpg;/assets/images/upload/services/repair/notebook/thumb_chistka-ot-pyli-sistemy-okhlazhdeniia-noutbuka.jpg
3;Замена термопасты;Замена термопасты ноутбука;Замена термопасты ноутбука;Замена термопасты ноутбука;Нужна замена термопасты? Звоните!;;;;service;repair-notebook;/services;repair/notebook;300;"[{""name"": ""Услуги"", ""url"": ""/services/""},{""name"": ""Ремонт устройств"", ""url"": ""/services/repair/""},{""name"": ""Ноутбук"", ""url"": ""/services/repair/notebook/""}]";zamena-termopasty-noutbuka;/assets/images/upload/services/repair/notebook/zamena-termopasty-noutbuka.jpg;/assets/images/upload/services/repair/notebook/thumb_zamena-termopasty-noutbuka.jpg
4;Чистка после залития;Чистка ноутбука после залития;Чистка ноутбука после залития;Чистка ноутбука после залития;Залили ноутбук? Звоните!;;;;service;repair-notebook;/services;repair/notebook;400;"[{""name"": ""Услуги"", ""url"": ""/services/""},{""name"": ""Ремонт устройств"", ""url"": ""/services/repair/""},{""name"": ""Ноутбук"", ""url"": ""/services/repair/notebook/""}]";chistka-noutbuka-posle-zalitiia;/assets/images/upload/services/repair/notebook/chistka-noutbuka-posle-zalitiia.jpg;/assets/images/upload/services/repair/notebook/thumb_chistka-noutbuka-posle-zalitiia.jpg
5;Разборка и сборка ноутбука;Разборка и сборка ноутбука;Разборка и сборка ноутбука;Разборка и сборка ноутбука;Не можете собрать ноутбук? Звоните!;;;;service;repair-notebook;/services;repair/notebook;500;"[{""name"": ""Услуги"", ""url"": ""/services/""},{""name"": ""Ремонт устройств"", ""url"": ""/services/repair/""},{""name"": ""Ноутбук"", ""url"": ""/services/repair/notebook/""}]";razborka-i-sborka-noutbuka;/assets/images/upload/services/repair/notebook/razborka-i-sborka-noutbuka.jpg;/assets/images/upload/services/repair/notebook/thumb_razborka-i-sborka-noutbuka.jpg
6;Замена матрицы;Замена матрицы ноутбука;Замена матрицы ноутбука;Замена матрицы ноутбука;Нужна замена матрицы? Звоните!;;;;service;repair-notebook;/services;repair/notebook;600;"[{""name"": ""Услуги"", ""url"": ""/services/""},{""name"": ""Ремонт устройств"", ""url"": ""/services/repair/""},{""name"": ""Ноутбук"", ""url"": ""/services/repair/notebook/""}]";zamena-matritcy-noutbuka;/assets/images/upload/services/repair/notebook/zamena-matritcy-noutbuka.jpg;/assets/images/upload/services/repair/notebook/thumb_zamena-matritcy-noutbuka.jpg
7;Замена клавиатуры;Замена клавиатуры ноутбука;Замена клавиатуры ноутбука;Замена клавиатуры ноутбука;Нужна замена матрицы ноутбука? Звоните!;;;;service;repair-notebook;/services;repair/notebook;700;"[{""name"": ""Услуги"", ""url"": ""/services/""},{""name"": ""Ремонт устройств"", ""url"": ""/services/repair/""},{""name"": ""Ноутбук"", ""url"": ""/services/repair/notebook/""}]";zamena-claviatury-noutbuka;/assets/images/upload/services/repair/notebook/zamena-claviatury-noutbuka.jpg;/assets/images/upload/services/repair/notebook/thumb_zamena-claviatury-noutbuka.jpg
8;Замена жесткого диска;Замена жесткого диска ноутбука;Замена жесткого диска ноутбука;Замена жесткого диска ноутбука;Нужна замена клавиатуры ноутбука? Звоните!;;;;service;repair-notebook;/services;repair/notebook;800;"[{""name"": ""Услуги"", ""url"": ""/services/""},{""name"": ""Ремонт устройств"", ""url"": ""/services/repair/""},{""name"": ""Ноутбук"", ""url"": ""/services/repair/notebook/""}]";zamena-zhestkogo-diska-noutbuka;/assets/images/upload/services/repair/notebook/zamena-zhestkogo-diska-noutbuka.jpg;/assets/images/upload/services/repair/notebook/thumb_zamena-zhestkogo-diska-noutbuka.jpg
9;Замена корпусных деталей;Замена корпусных деталей ноутбука;Замена корпусных деталей ноутбука;Замена корпусных деталей ноутбука;Нужна замена корпусных деталей ноутбука? Звоните!;;;;service;repair-notebook;/services;repair/notebook;900;"[{""name"": ""Услуги"", ""url"": ""/services/""},{""name"": ""Ремонт устройств"", ""url"": ""/services/repair/""},{""name"": ""Ноутбук"", ""url"": ""/services/repair/notebook/""}]";zamena-korpusnykh-detalei-noutbuka;/assets/images/upload/services/repair/notebook/zamena-korpusnykh-detalei-noutbuka.jpg;/assets/images/upload/services/repair/notebook/thumb_zamena-korpusnykh-detalei-noutbuka.jpg
10;Замена кулера охлаждения;Замена кулера системы охлаждения ноутбука;Замена кулера системы охлаждения ноутбука;Замена кулера системы охлаждения ноутбука;Нужна замена кулера системы охлаждения ноутбука? Звоните!;;;;service;repair-notebook;/services;repair/notebook;1000;"[{""name"": ""Услуги"", ""url"": ""/services/""},{""name"": ""Ремонт устройств"", ""url"": ""/services/repair/""},{""name"": ""Ноутбук"", ""url"": ""/services/repair/notebook/""}]";zamena-kulera-sistemy-okhdazhdeniia-noutbuka;/assets/images/upload/services/repair/notebook/zamena-kulera-sistemy-okhdazhdeniia-noutbuka.jpg;/assets/images/upload/services/repair/notebook/thumb_zamena-kulera-sistemy-okhdazhdeniia-noutbuka.jpg
11;Замена батарейки БИОСа;Замена батарейки БИОСа ноутбука;Замена батарейки БИОСа ноутбука;Замена батарейки БИОСа ноутбука;Нужна замена батарейки БИОС'а ноутбука? Звоните!;;;;service;repair-notebook;/services;repair/notebook;1100;"[{""name"": ""Услуги"", ""url"": ""/services/""},{""name"": ""Ремонт устройств"", ""url"": ""/services/repair/""},{""name"": ""Ноутбук"", ""url"": ""/services/repair/notebook/""}]";zamena-batareiki-biosa-noutbuka;/assets/images/upload/services/repair/notebook/zamena-batareiki-biosa-noutbuka.jpg;/assets/images/upload/services/repair/notebook/thumb_zamena-batareiki-biosa-noutbuka.jpg
12;Замена тачпада;Замена тачпада ноутбука;Замена тачпада ноутбука;Замена тачпада ноутбука;Нужна замена тачпада ноутбука? Звоните!;;;;service;repair-notebook;/services;repair/notebook;1200;"[{""name"": ""Услуги"", ""url"": ""/services/""},{""name"": ""Ремонт устройств"", ""url"": ""/services/repair/""},{""name"": ""Ноутбук"", ""url"": ""/services/repair/notebook/""}]";zamena-tachpada-noutbuka;/assets/images/upload/services/repair/notebook/zamena-tachpada-noutbuka.jpg;/assets/images/upload/services/repair/notebook/thumb_zamena-tachpada-noutbuka.jpg
13;Замена материнской платы;Замена материнской платы ноутбука;Замена материнской платы ноутбука;Замена материнской платы ноутбука;Нужна замена материнской платы нотубка? Звоните!;;;;service;repair-notebook;/services;repair/notebook;1300;"[{""name"": ""Услуги"", ""url"": ""/services/""},{""name"": ""Ремонт устройств"", ""url"": ""/services/repair/""},{""name"": ""Ноутбук"", ""url"": ""/services/repair/notebook/""}]";zamena-materinskoi-platy-noutbuka;/assets/images/upload/services/repair/notebook/zamena-materinskoi-platy-noutbuka.jpg;/assets/images/upload/services/repair/notebook/thumb_zamena-materinskoi-platy-noutbuka.jpg
14;Замена петель;Замена петель ноутбука;Замена петель ноутбука;Замена петель ноутбука;Нужна замена петель крышки матрицы нотбука? Звоните!;;;;service;repair-notebook;/services;repair/notebook;1400;"[{""name"": ""Услуги"", ""url"": ""/services/""},{""name"": ""Ремонт устройств"", ""url"": ""/services/repair/""},{""name"": ""Ноутбук"", ""url"": ""/services/repair/notebook/""}]";zamena-petel-noutbuka;/assets/images/upload/services/repair/notebook/zamena-petel-noutbuka.jpg;/assets/images/upload/services/repair/notebook/thumb_zamena-petel-noutbuka.jpg
15;Замена веб камеры;Замена веб камеры ноутбука;Замена веб камеры ноутбука;Замена веб камеры ноутбука;Не работает веб-камера нотбука? Звоните!;;;;service;repair-notebook;/services;repair/notebook;1500;"[{""name"": ""Услуги"", ""url"": ""/services/""},{""name"": ""Ремонт устройств"", ""url"": ""/services/repair/""},{""name"": ""Ноутбук"", ""url"": ""/services/repair/notebook/""}]";zamena-veb-kamery-noutbuka;/assets/images/upload/services/repair/notebook/zamena-veb-kamery-noutbuka.jpg;/assets/images/upload/services/repair/notebook/thumb_zamena-veb-kamery-noutbuka.jpg
16;Замена Wi-Fi адаптера;Замена Wi-Fi адаптера ноутбука;Замена Wi-Fi адаптера ноутбука;Замена Wi-Fi адаптера ноутбука;Не работает Wi-Fi на нотбуке? Звоните!;;;;service;repair-notebook;/services;repair/notebook;1600;"[{""name"": ""Услуги"", ""url"": ""/services/""},{""name"": ""Ремонт устройств"", ""url"": ""/services/repair/""},{""name"": ""Ноутбук"", ""url"": ""/services/repair/notebook/""}]";zamena-wi-fi-adaptera-noutbuka;/assets/images/upload/services/repair/notebook/zamena-wi-fi-adaptera-noutbuka.jpg;/assets/images/upload/services/repair/notebook/thumb_zamena-wi-fi-adaptera-noutbuka.jpg
17;Замена разъема питания;Замена разъема питания ноутбука;Замена разъема питания ноутбука;Замена разъема питания ноутбука;Сломался разъем питания нотбука? Звоните!;;;;service;repair-notebook;/services;repair/notebook;1700;"[{""name"": ""Услуги"", ""url"": ""/services/""},{""name"": ""Ремонт устройств"", ""url"": ""/services/repair/""},{""name"": ""Ноутбук"", ""url"": ""/services/repair/notebook/""}]";zamena-razema-pitaniia-noutbuka;/assets/images/upload/services/repair/notebook/zamena-razema-pitaniia-noutbuka.jpg;/assets/images/upload/services/repair/notebook/thumb_zamena-razema-pitaniia-noutbuka.jpg
18;Замена USB разъема;Замена USB разъема ноутбука;Замена USB разъема ноутбука;Замена USB разъема ноутбука;Сломан USB разъем нотбука? Звоните!;;;;service;repair-notebook;/services;repair/notebook;1800;"[{""name"": ""Услуги"", ""url"": ""/services/""},{""name"": ""Ремонт устройств"", ""url"": ""/services/repair/""},{""name"": ""Ноутбук"", ""url"": ""/services/repair/notebook/""}]";zamena-usb-razema-noutbuka;/assets/images/upload/services/repair/notebook/zamena-usb-razema-noutbuka.jpg;/assets/images/upload/services/repair/notebook/thumb_zamena-usb-razema-noutbuka.jpg
19;Замена шлейфа матрицы;Замена шлейфа матрицы ноутбука;Замена шлейфа матрицы ноутбука;Замена шлейфа матрицы ноутбука;Сломался шлейф матрицы нотбука? Звоните!;;;;service;repair-notebook;/services;repair/notebook;1900;"[{""name"": ""Услуги"", ""url"": ""/services/""},{""name"": ""Ремонт устройств"", ""url"": ""/services/repair/""},{""name"": ""Ноутбук"", ""url"": ""/services/repair/notebook/""}]";zamena-shleifa-matritcy-noutbuka;/assets/images/upload/services/repair/notebook/zamena-shleifa-matritcy-noutbuka.jpg;/assets/images/upload/services/repair/notebook/thumb_zamena-shleifa-matritcy-noutbuka.jpg
20;Снятие пароля жесткого диска;Снятие пароля жесткого диска ноутбука;Снятие пароля жесткого диска ноутбука;Снятие пароля жесткого диска ноутбука;Запаролен жесткий диск ноутбука? Звоните!;;;;service;repair-notebook;/services;repair/notebook;2000;"[{""name"": ""Услуги"", ""url"": ""/services/""},{""name"": ""Ремонт устройств"", ""url"": ""/services/repair/""},{""name"": ""Ноутбук"", ""url"": ""/services/repair/notebook/""}]";sniatie-parolia-zhestkogo-diska-noutbuka;/assets/images/upload/services/repair/notebook/sniatie-parolia-zhestkogo-diska-noutbuka.jpg;/assets/images/upload/services/repair/notebook/thumb_sniatie-parolia-zhestkogo-diska-noutbuka.jpg
21;Ремонт цепи питания;Ремонт цепи питания ноутбука;Ремонт цепи питания ноутбука;Ремонт цепи питания ноутбука;Не включается нотбук? Звоните!;;;;service;repair-notebook;/services;repair/notebook;2100;"[{""name"": ""Услуги"", ""url"": ""/services/""},{""name"": ""Ремонт устройств"", ""url"": ""/services/repair/""},{""name"": ""Ноутбук"", ""url"": ""/services/repair/notebook/""}]";remont-tcepi-pitaniia-noutbuka;/assets/images/upload/services/repair/notebook/remont-tcepi-pitaniia-noutbuka.jpg;/assets/images/upload/services/repair/notebook/thumb_remont-tcepi-pitaniia-noutbuka.jpg
22;Замена видеочипа;Замена видеочипа ноутбука;Замена видеочипа ноутбука;Замена видеочипа ноутбука;Проблемы с видеочипом нотбука? Звоните!;;;;service;repair-notebook;/services;repair/notebook;2200;"[{""name"": ""Услуги"", ""url"": ""/services/""},{""name"": ""Ремонт устройств"", ""url"": ""/services/repair/""},{""name"": ""Ноутбук"", ""url"": ""/services/repair/notebook/""}]";zamena-videochipa-noutbuka;/assets/images/upload/services/repair/notebook/zamena-videochipa-noutbuka.jpg;/assets/images/upload/services/repair/notebook/thumb_zamena-videochipa-noutbuka.jpg
23;Замена южного моста;Замена южного моста ноутбука;Замена южного моста ноутбука;Замена южного моста ноутбука;Нужна замена южного моста ноутбука? Звоните!;;;;service;repair-notebook;/services;repair/notebook;2300;"[{""name"": ""Услуги"", ""url"": ""/services/""},{""name"": ""Ремонт устройств"", ""url"": ""/services/repair/""},{""name"": ""Ноутбук"", ""url"": ""/services/repair/notebook/""}]";zamena-iuzhnogo-mosta-noutbuka;/assets/images/upload/services/repair/notebook/zamena-iuzhnogo-mosta-noutbuka.jpg;/assets/images/upload/services/repair/notebook/thumb_zamena-iuzhnogo-mosta-noutbuka.jpg
24;Замена северного моста;Замена северного моста ноутбука;Замена северного моста ноутбука;Замена северного моста ноутбука;Нужна замена северного моста ноутбука? Звоните!;;;;service;repair-notebook;/services;repair/notebook;2400;"[{""name"": ""Услуги"", ""url"": ""/services/""},{""name"": ""Ремонт устройств"", ""url"": ""/services/repair/""},{""name"": ""Ноутбук"", ""url"": ""/services/repair/notebook/""}]";zamena-severnogo-mosta-noutbuka;/assets/images/upload/services/repair/notebook/zamena-severnogo-mosta-noutbuka.jpg;/assets/images/upload/services/repair/notebook/thumb_zamena-severnogo-mosta-noutbuka.jpg
25;Ремонт материнской платы после залития;Ремонт материнской платы после залития с пайкой;Ремонт материнской платы после залития с пайкой;Ремонт материнской платы после залития с пайкой;Нужен ремонт материнской платы ноутбука? Звоните!;;;;service;repair-notebook;/services;repair/notebook;2500;"[{""name"": ""Услуги"", ""url"": ""/services/""},{""name"": ""Ремонт устройств"", ""url"": ""/services/repair/""},{""name"": ""Ноутбук"", ""url"": ""/services/repair/notebook/""}]";remont-materinskoi-platy-posle-zalitiia-s-paikoi;/assets/images/upload/services/repair/notebook/remont-materinskoi-platy-posle-zalitiia-s-paikoi.jpg;/assets/images/upload/services/repair/notebook/thumb_remont-materinskoi-platy-posle-zalitiia-s-paikoi.jpg
26;Восстановление корпусных деталей;Восстановление корпусных деталей ноутбука;Восстановление корпусных деталей ноутбука;Восстановление корпусных деталей ноутбука;Восстановим корпусные детали. Звоните!;;;;service;repair-notebook;/services;repair/notebook;2600;"[{""name"": ""Услуги"", ""url"": ""/services/""},{""name"": ""Ремонт устройств"", ""url"": ""/services/repair/""},{""name"": ""Ноутбук"", ""url"": ""/services/repair/notebook/""}]";vosstanovlenie-korpusnykh-detalei-noutbuka;/assets/images/upload/services/repair/notebook/vosstanovlenie-korpusnykh-detalei-noutbuka.jpg;/assets/images/upload/services/repair/notebook/thumb_vosstanovlenie-korpusnykh-detalei-noutbuka.jpg
27;Диагностика неисправностей;Диагностика неисправностей компьютера;Диагностика неисправностей компьютера;Диагностика неисправностей компьютера;Нужна диагностика неисправностей компьютера? Звоните!;;;;service;repair-computer;/services;repair/computer;100;"[{""name"": ""Услуги"", ""url"": ""/services/""},{""name"": ""Ремонт устройств"", ""url"": ""/services/repair/""},{""name"": ""Компьютер"", ""url"": ""/services/repair/computer/""}]";diagnostika-neispravnostei-kompiutera;/assets/images/upload/services/repair/computer/diagnostika-neispravnostei-kompiutera.jpg;/assets/images/upload/services/repair/computer/thumb_diagnostika-neispravnostei-kompiutera.jpg
28;Чистка от пыли;Чистка от пыли системного блока;Чистка от пыли системного блока;Чистка от пыли системного блока;Нужна чистка от пыли системного блока компьютера?;;;;service;repair-computer;/services;repair/computer;200;"[{""name"": ""Услуги"", ""url"": ""/services/""},{""name"": ""Ремонт устройств"", ""url"": ""/services/repair/""},{""name"": ""Компьютер"", ""url"": ""/services/repair/computer/""}]";chistka-ot-pyli-sistemnogo-bloka;/assets/images/upload/services/repair/computer/chistka-ot-pyli-sistemnogo-bloka.jpg;/assets/images/upload/services/repair/computer/thumb_chistka-ot-pyli-sistemnogo-bloka.jpg
29;Замена термопасты;Замена термопасты на процессоре;Замена термопасты на процессоре;Замена термопасты на процессоре;Нужно заменить термопасту на процессоре? Звоните!;;;;service;repair-computer;/services;repair/computer;300;"[{""name"": ""Услуги"", ""url"": ""/services/""},{""name"": ""Ремонт устройств"", ""url"": ""/services/repair/""},{""name"": ""Компьютер"", ""url"": ""/services/repair/computer/""}]";zamena-termopasty-na-protcessore;/assets/images/upload/services/repair/computer/zamena-termopasty-na-protcessore.jpg;/assets/images/upload/services/repair/computer/thumb_zamena-termopasty-na-protcessore.jpg
30;Замена корпуса;Замена корпуса компьютера;Замена корпуса компьютера;Замена корпуса компьютера;Надоел старый корпус компьютера? Звоните!;;;;service;repair-computer;/services;repair/computer;400;"[{""name"": ""Услуги"", ""url"": ""/services/""},{""name"": ""Ремонт устройств"", ""url"": ""/services/repair/""},{""name"": ""Компьютер"", ""url"": ""/services/repair/computer/""}]";zamena-korpusa-kompiutera;/assets/images/upload/services/repair/computer/zamena-korpusa-kompiutera.jpg;/assets/images/upload/services/repair/computer/thumb_zamena-korpusa-kompiutera.jpg
31;Замена блока питания;Замена блока питания компьютера;Замена блока питания компьютера;Замена блока питания компьютера;Сгорел блок питания компьютера? Звоните!;;;;service;repair-computer;/services;repair/computer;500;"[{""name"": ""Услуги"", ""url"": ""/services/""},{""name"": ""Ремонт устройств"", ""url"": ""/services/repair/""},{""name"": ""Компьютер"", ""url"": ""/services/repair/computer/""}]";zamena-bloka-pitaniia-kompiutera;/assets/images/upload/services/repair/computer/zamena-bloka-pitaniia-kompiutera.jpg;/assets/images/upload/services/repair/computer/thumb_zamena-bloka-pitaniia-kompiutera.jpg
32;Замена кулера;Замена кулера процессора;Замена кулера процессора;Замена кулера процессора;Кулер процессора не справляется с охлаждением? Звоните!;;;;service;repair-computer;/services;repair/computer;600;"[{""name"": ""Услуги"", ""url"": ""/services/""},{""name"": ""Ремонт устройств"", ""url"": ""/services/repair/""},{""name"": ""Компьютер"", ""url"": ""/services/repair/computer/""}]";zamena-kulera-protcessora;/assets/images/upload/services/repair/computer/zamena-kulera-protcessora.jpg;/assets/images/upload/services/repair/computer/thumb_zamena-kulera-protcessora.jpg
33;Установка водяного охлаждения;Установка водяного охлаждения;Установка водяного охлаждения;Установка водяного охлаждения;Хотите установить водяное охлаждение? Звоните!;;;;service;repair-computer;/services;repair/computer;700;"[{""name"": ""Услуги"", ""url"": ""/services/""},{""name"": ""Ремонт устройств"", ""url"": ""/services/repair/""},{""name"": ""Компьютер"", ""url"": ""/services/repair/computer/""}]";ustanovka-vodianogo-okhlazhdeniia;/assets/images/upload/services/repair/computer/ustanovka-vodianogo-okhlazhdeniia.jpg;/assets/images/upload/services/repair/computer/thumb_ustanovka-vodianogo-okhlazhdeniia.jpg
34;Замена материнской платы;Замена материнской платы компьютера;Замена материнской платы компьютера;Замена материнской платы компьютера;Нужна замена материнской платы компьютера? Звоните!;;;;service;repair-computer;/services;repair/computer;800;"[{""name"": ""Услуги"", ""url"": ""/services/""},{""name"": ""Ремонт устройств"", ""url"": ""/services/repair/""},{""name"": ""Компьютер"", ""url"": ""/services/repair/computer/""}]";zamena-materinskoi-platy-kompiutera;/assets/images/upload/services/repair/computer/zamena-materinskoi-platy-kompiutera.jpg;/assets/images/upload/services/repair/computer/thumb_zamena-materinskoi-platy-kompiutera.jpg
35;Замена видеокарты;Замена видеокарты компьютера;Замена видеокарты компьютера;Замена видеокарты компьютера;Нужна замена видеокарты компьютера? Звоните!;;;;service;repair-computer;/services;repair/computer;900;"[{""name"": ""Услуги"", ""url"": ""/services/""},{""name"": ""Ремонт устройств"", ""url"": ""/services/repair/""},{""name"": ""Компьютер"", ""url"": ""/services/repair/computer/""}]";zamena-videokarty-kompiutera;/assets/images/upload/services/repair/computer/zamena-videokarty-kompiutera.jpg;/assets/images/upload/services/repair/computer/thumb_zamena-videokarty-kompiutera.jpg
36;Замена или добавление оперативной памяти;Замена или добавление оперативной памяти;Замена или добавление оперативной памяти;Замена или добавление оперативной памяти;Компьютеру не хватает оперативной памяти? Звоните!;;;;service;repair-computer;/services;repair/computer;1000;"[{""name"": ""Услуги"", ""url"": ""/services/""},{""name"": ""Ремонт устройств"", ""url"": ""/services/repair/""},{""name"": ""Компьютер"", ""url"": ""/services/repair/computer/""}]";zamena-ili-dobavlenie-operativnoi-pamiati;/assets/images/upload/services/repair/computer/zamena-ili-dobavlenie-operativnoi-pamiati.jpg;/assets/images/upload/services/repair/computer/thumb_zamena-ili-dobavlenie-operativnoi-pamiati.jpg
37;Замена жесткого диска;Замена жесткого диска компьютера;Замена жесткого диска компьютера;Замена жесткого диска компьютера;Нужна замена жесткого диска компьютера? Звоните!;;;;service;repair-computer;/services;repair/computer;1100;"[{""name"": ""Услуги"", ""url"": ""/services/""},{""name"": ""Ремонт устройств"", ""url"": ""/services/repair/""},{""name"": ""Компьютер"", ""url"": ""/services/repair/computer/""}]";zamena-zhestkogo-diska-kompiutera;/assets/images/upload/services/repair/computer/zamena-zhestkogo-diska-kompiutera.jpg;/assets/images/upload/services/repair/computer/thumb_zamena-zhestkogo-diska-kompiutera.jpg
38;Установка SSD-диска;Установка SSD-диска;Установка SSD-диска;Установка SSD-диска;Хотите ускорить компьютер? Звоните!;;;;service;repair-computer;/services;repair/computer;1200;"[{""name"": ""Услуги"", ""url"": ""/services/""},{""name"": ""Ремонт устройств"", ""url"": ""/services/repair/""},{""name"": ""Компьютер"", ""url"": ""/services/repair/computer/""}]";ustanovka-ssd-diska;/assets/images/upload/services/repair/computer/ustanovka-ssd-diska.jpg;/assets/images/upload/services/repair/computer/thumb_ustanovka-ssd-diska.jpg
39;Замена процессора;Замена процессора компьютера;Замена процессора компьютера;Замена процессора компьютера;Хотите более мощный процессор? Звоните!;;;;service;repair-computer;/services;repair/computer;1300;"[{""name"": ""Услуги"", ""url"": ""/services/""},{""name"": ""Ремонт устройств"", ""url"": ""/services/repair/""},{""name"": ""Компьютер"", ""url"": ""/services/repair/computer/""}]";zamena-protcessora-kompiutera;/assets/images/upload/services/repair/computer/zamena-protcessora-kompiutera.jpg;/assets/images/upload/services/repair/computer/thumb_zamena-protcessora-kompiutera.jpg
40;Замена сетевой карты;Замена сетевой карты компьютера;Замена сетевой карты компьютера;Замена сетевой карты компьютера;Сгорела сетевая карта компьютера? Звоните!;;;;service;repair-computer;/services;repair/computer;1400;"[{""name"": ""Услуги"", ""url"": ""/services/""},{""name"": ""Ремонт устройств"", ""url"": ""/services/repair/""},{""name"": ""Компьютер"", ""url"": ""/services/repair/computer/""}]";zamena-setevoi-karty-kompiutera;/assets/images/upload/services/repair/computer/zamena-setevoi-karty-kompiutera.jpg;/assets/images/upload/services/repair/computer/thumb_zamena-setevoi-karty-kompiutera.jpg
41;Замена батарейки БИОСа;Замена батарейки БИОСа;Замена батарейки БИОСа;Замена батарейки БИОСа;Села батарейка БИОС'а? Звоните! ;;;;service;repair-computer;/services;repair/computer;1500;"[{""name"": ""Услуги"", ""url"": ""/services/""},{""name"": ""Ремонт устройств"", ""url"": ""/services/repair/""},{""name"": ""Компьютер"", ""url"": ""/services/repair/computer/""}]";zamena-batareiki-biosa;/assets/images/upload/services/repair/computer/zamena-batareiki-biosa.jpg;/assets/images/upload/services/repair/computer/thumb_zamena-batareiki-biosa.jpg
42;Замена оптического привода;Замена оптического привода;Замена оптического привода;Замена оптического привода;Нужна замена оптического привода? Звоните!;;;;service;repair-computer;/services;repair/computer;1600;"[{""name"": ""Услуги"", ""url"": ""/services/""},{""name"": ""Ремонт устройств"", ""url"": ""/services/repair/""},{""name"": ""Компьютер"", ""url"": ""/services/repair/computer/""}]";zamena-opticheskogo-privoda;/assets/images/upload/services/repair/computer/zamena-opticheskogo-privoda.jpg;/assets/images/upload/services/repair/computer/thumb_zamena-opticheskogo-privoda.jpg
43;Перепрошивка БИОСа материнской платы;Перепрошивка БИОСа материнской платы;Перепрошивка БИОСа материнской платы;Перепрошивка БИОСа материнской платы;Нужна перепрошивка БИОС'а материнской платы компьютера? Звоните!;;;;service;repair-computer;/services;repair/computer;1700;"[{""name"": ""Услуги"", ""url"": ""/services/""},{""name"": ""Ремонт устройств"", ""url"": ""/services/repair/""},{""name"": ""Компьютер"", ""url"": ""/services/repair/computer/""}]";pereproshivka-biosa-materinskoi-platy;/assets/images/upload/services/repair/computer/pereproshivka-biosa-materinskoi-platy.jpg;/assets/images/upload/services/repair/computer/thumb_pereproshivka-biosa-materinskoi-platy.jpg
44;Замена конденсаторов материнской платы;Замена конденсаторов материнской платы;Замена конденсаторов материнской платы;Замена конденсаторов материнской платы;Вздулись конденсаторы на материнской плате? Звоните!;;;;service;repair-computer;/services;repair/computer;1800;"[{""name"": ""Услуги"", ""url"": ""/services/""},{""name"": ""Ремонт устройств"", ""url"": ""/services/repair/""},{""name"": ""Компьютер"", ""url"": ""/services/repair/computer/""}]";zamena-kondensatorov-materinskoi-platy;/assets/images/upload/services/repair/computer/zamena-kondensatorov-materinskoi-platy.jpg;/assets/images/upload/services/repair/computer/thumb_zamena-kondensatorov-materinskoi-platy.jpg
45;Ремонт блока питания;Ремонт блока питания;Ремонт блока питания;Ремонт блока питания;Сгорел блок питания компьютера? Звоните!;;;;service;repair-computer;/services;repair/computer;1900;"[{""name"": ""Услуги"", ""url"": ""/services/""},{""name"": ""Ремонт устройств"", ""url"": ""/services/repair/""},{""name"": ""Компьютер"", ""url"": ""/services/repair/computer/""}]";remont-bloka-pitaniia;/assets/images/upload/services/repair/computer/remont-bloka-pitaniia.jpg;/assets/images/upload/services/repair/computer/thumb_remont-bloka-pitaniia.jpg
46;Замена разъемов передней панели;Замена разъемов передней панели;Замена разъемов передней панели;Замена разъемов передней панели;Поломались разъемы передней панели? Звоните!;;;;service;repair-computer;/services;repair/computer;2000;"[{""name"": ""Услуги"", ""url"": ""/services/""},{""name"": ""Ремонт устройств"", ""url"": ""/services/repair/""},{""name"": ""Компьютер"", ""url"": ""/services/repair/computer/""}]";zamena-razemov-perednei-paneli;/assets/images/upload/services/repair/computer/zamena-razemov-perednei-paneli.jpg;/assets/images/upload/services/repair/computer/thumb_zamena-razemov-perednei-paneli.jpg
47;Установка картридера;Установка картридера;Установка картридера;Установка картридера;Нужна установка картридера в компьютер? Звоните!;;;;service;repair-computer;/services;repair/computer;2100;"[{""name"": ""Услуги"", ""url"": ""/services/""},{""name"": ""Ремонт устройств"", ""url"": ""/services/repair/""},{""name"": ""Компьютер"", ""url"": ""/services/repair/computer/""}]";ustanovka-kartridera;/assets/images/upload/services/repair/computer/ustanovka-kartridera.jpg;/assets/images/upload/services/repair/computer/thumb_ustanovka-kartridera.jpg
48;Подключение передней панели;Подключение передней панели;Подключение передней панели;Подключение передней панели;Хотите чтобы передняя панель компьютера работала? Звоните!;;;;service;repair-computer;/services;repair/computer;2200;"[{""name"": ""Услуги"", ""url"": ""/services/""},{""name"": ""Ремонт устройств"", ""url"": ""/services/repair/""},{""name"": ""Компьютер"", ""url"": ""/services/repair/computer/""}]";podcliuchenie-perednei-paneli;/assets/images/upload/services/repair/computer/podcliuchenie-perednei-paneli.jpg;/assets/images/upload/services/repair/computer/thumb_podcliuchenie-perednei-paneli.jpg
49;Установка дополнительной передней панели;Установка дополнительной передней панели;Установка дополнительной передней панели;Установка дополнительной передней панели;Хотите вывести дополнительную информацию на переднюю панель компьютера? Звоните!;;;;service;repair-computer;/services;repair/computer;2300;"[{""name"": ""Услуги"", ""url"": ""/services/""},{""name"": ""Ремонт устройств"", ""url"": ""/services/repair/""},{""name"": ""Компьютер"", ""url"": ""/services/repair/computer/""}]";ustanovka-dopolnitelnoi-perednei-paneli;/assets/images/upload/services/repair/computer/ustanovka-dopolnitelnoi-perednei-paneli.jpg;/assets/images/upload/services/repair/computer/thumb_ustanovka-dopolnitelnoi-perednei-paneli.jpg
50;Подключение дополнительного жесткого диска;Подключение дополнительного жесткого диска;Подключение дополнительного жесткого диска;Подключение дополнительного жесткого диска;Не хватает места на дисках компьютера? Звоните!;;;;service;repair-computer;/services;repair/computer;2400;"[{""name"": ""Услуги"", ""url"": ""/services/""},{""name"": ""Ремонт устройств"", ""url"": ""/services/repair/""},{""name"": ""Компьютер"", ""url"": ""/services/repair/computer/""}]";podcliuchenie-dopolnitelnogo-zhestkogo-diska;/assets/images/upload/services/repair/computer/podcliuchenie-dopolnitelnogo-zhestkogo-diska.jpg;/assets/images/upload/services/repair/computer/thumb_podcliuchenie-dopolnitelnogo-zhestkogo-diska.jpg
51;Установка Windows;Установка Windows;Установка Windows;Установка Windows;Нужна установка Windows? Звоните!;;;;service;help-install;/services;help/install;100;"[{""name"": ""Услуги"", ""url"": ""/services/""},{""name"": ""Компьютерная помощь"", ""url"": ""/services/help/""},{""name"": ""Установка ПО"", ""url"": ""/services/help/install/""}]";ustanovka-windows;/assets/images/upload/services/help/install/ustanovka-windows.jpg;/assets/images/upload/services/help/install/thumb_ustanovka-windows.jpg
52;Переустановка MacOS;Переустановка MacOS;Переустановка MacOS;Переустановка MacOS;Нужна переустановка MacOS? Звоните!;;;;service;help-install;/services;help/install;200;"[{""name"": ""Услуги"", ""url"": ""/services/""},{""name"": ""Компьютерная помощь"", ""url"": ""/services/help/""},{""name"": ""Установка ПО"", ""url"": ""/services/help/install/""}]";pereustanovka-macos;/assets/images/upload/services/help/install/pereustanovka-macos.jpg;/assets/images/upload/services/help/install/thumb_pereustanovka-macos.jpg
53;Установка Linux;Установка Linux;Установка Linux;Установка Linux;Нужна установка Linux? Звоните!;;;;service;help-install;/services;help/install;300;"[{""name"": ""Услуги"", ""url"": ""/services/""},{""name"": ""Компьютерная помощь"", ""url"": ""/services/help/""},{""name"": ""Установка ПО"", ""url"": ""/services/help/install/""}]";ustanovka-linux;/assets/images/upload/services/help/install/ustanovka-linux.jpg;/assets/images/upload/services/help/install/thumb_ustanovka-linux.jpg
54;Установка офисного пакета;Установка офисного пакета;Установка офисного пакета;Установка офисного пакета;Нужно обрабатывать документы на компьютере? Звоните!;;;;service;help-install;/services;help/install;400;"[{""name"": ""Услуги"", ""url"": ""/services/""},{""name"": ""Компьютерная помощь"", ""url"": ""/services/help/""},{""name"": ""Установка ПО"", ""url"": ""/services/help/install/""}]";ustanovka-ofisnogo-paketa;/assets/images/upload/services/help/install/ustanovka-ofisnogo-paketa.jpg;/assets/images/upload/services/help/install/thumb_ustanovka-ofisnogo-paketa.jpg
55;Установка браузера;Установка интернет браузера;Установка интернет браузера;Установка интернет браузера;Нужно установить браузер? Звоните!;;;;service;help-install;/services;help/install;500;"[{""name"": ""Услуги"", ""url"": ""/services/""},{""name"": ""Компьютерная помощь"", ""url"": ""/services/help/""},{""name"": ""Установка ПО"", ""url"": ""/services/help/install/""}]";ustanovka-internet-brauzera;/assets/images/upload/services/help/install/ustanovka-internet-brauzera.jpg;/assets/images/upload/services/help/install/thumb_ustanovka-internet-brauzera.jpg
56;Установка проигрывателя;Установка мультимедиа проигрывателя;Установка мультимедиа проигрывателя;Установка мультимедиа проигрывателя;Хотите смотреть любые медиа файлы? Звоните!;;;;service;help-install;/services;help/install;600;"[{""name"": ""Услуги"", ""url"": ""/services/""},{""name"": ""Компьютерная помощь"", ""url"": ""/services/help/""},{""name"": ""Установка ПО"", ""url"": ""/services/help/install/""}]";ustanovka-multimedia-proigryvatelia;/assets/images/upload/services/help/install/ustanovka-multimedia-proigryvatelia.jpg;/assets/images/upload/services/help/install/thumb_ustanovka-multimedia-proigryvatelia.jpg
57;Установка кодеков;Установка кодеков;Установка кодеков;Установка кодеков;Хотите открывать любые медиа файлы? Звоните!;;;;service;help-install;/services;help/install;700;"[{""name"": ""Услуги"", ""url"": ""/services/""},{""name"": ""Компьютерная помощь"", ""url"": ""/services/help/""},{""name"": ""Установка ПО"", ""url"": ""/services/help/install/""}]";ustanovka-kodekov;/assets/images/upload/services/help/install/ustanovka-kodekov.jpg;/assets/images/upload/services/help/install/thumb_ustanovka-kodekov.jpg
58;Установка месседжеров;Установка месседжеров;Установка месседжеров;Установка месседжеров;Нужны программы для обзения в сети? Звоните!;;;;service;help-install;/services;help/install;800;"[{""name"": ""Услуги"", ""url"": ""/services/""},{""name"": ""Компьютерная помощь"", ""url"": ""/services/help/""},{""name"": ""Установка ПО"", ""url"": ""/services/help/install/""}]";ustanovka-messedzherov;/assets/images/upload/services/help/install/ustanovka-messedzherov.jpg;/assets/images/upload/services/help/install/thumb_ustanovka-messedzherov.jpg
59;Установка архиватора;Установка архиватора;Установка архиватора;Установка архиватора;Не открываются архивы? Звоните!;;;;service;help-install;/services;help/install;900;"[{""name"": ""Услуги"", ""url"": ""/services/""},{""name"": ""Компьютерная помощь"", ""url"": ""/services/help/""},{""name"": ""Установка ПО"", ""url"": ""/services/help/install/""}]";ustanovka-arhivatora;/assets/images/upload/services/help/install/ustanovka-arhivatora.jpg;/assets/images/upload/services/help/install/thumb_ustanovka-arhivatora.jpg
60;Установка программы для записи дисков;Установка программы для записи дисков;Установка программы для записи дисков;Установка программы для записи дисков;Нужно записывать компакт диски? Звоните!;;;;service;help-install;/services;help/install;1000;"[{""name"": ""Услуги"", ""url"": ""/services/""},{""name"": ""Компьютерная помощь"", ""url"": ""/services/help/""},{""name"": ""Установка ПО"", ""url"": ""/services/help/install/""}]";ustanovka-programmy-dlia-zapisi-diskov;/assets/images/upload/services/help/install/ustanovka-programmy-dlia-zapisi-diskov.jpg;/assets/images/upload/services/help/install/thumb_ustanovka-programmy-dlia-zapisi-diskov.jpg
61;Установка игры;Установка игры;Установка игры;Установка игры;Не устанавливается любимая игра? Звоните!;;;;service;help-install;/services;help/install;1100;"[{""name"": ""Услуги"", ""url"": ""/services/""},{""name"": ""Компьютерная помощь"", ""url"": ""/services/help/""},{""name"": ""Установка ПО"", ""url"": ""/services/help/install/""}]";ustanovka-igry;/assets/images/upload/services/help/install/ustanovka-igry.jpg;/assets/images/upload/services/help/install/thumb_ustanovka-igry.jpg
62;Установка системных пакетов;Установка системных пакетов;Установка системных пакетов;Установка системных пакетов;Не хватает каких-то системных пакетов для запуска программ? Звоните!;;;;service;help-install;/services;help/install;1200;"[{""name"": ""Услуги"", ""url"": ""/services/""},{""name"": ""Компьютерная помощь"", ""url"": ""/services/help/""},{""name"": ""Установка ПО"", ""url"": ""/services/help/install/""}]";ustanovka-sistemnykh-paketov;/assets/images/upload/services/help/install/ustanovka-sistemnykh-paketov.jpg;/assets/images/upload/services/help/install/thumb_ustanovka-sistemnykh-paketov.jpg
63;Установка файловых менеджеров;Установка файловых менеджеров;Установка файловых менеджеров;Установка файловых менеджеров;Нужна установка файловых менеджеров? Звоните!;;;;service;help-install;/services;help/install;1300;"[{""name"": ""Услуги"", ""url"": ""/services/""},{""name"": ""Компьютерная помощь"", ""url"": ""/services/help/""},{""name"": ""Установка ПО"", ""url"": ""/services/help/install/""}]";ustanovka-failovykh-menedzherov;/assets/images/upload/services/help/install/ustanovka-failovykh-menedzherov.jpg;/assets/images/upload/services/help/install/thumb_ustanovka-failovykh-menedzherov.jpg
64;Установка программы оптического распознавания текста;Установка программы оптического распознавания текста;Установка программы оптического распознавания текста;Установка программы оптического распознавания текста;Частно нужно набирать текст с бумаги? Звоните!;;;;service;help-install;/services;help/install;1400;"[{""name"": ""Услуги"", ""url"": ""/services/""},{""name"": ""Компьютерная помощь"", ""url"": ""/services/help/""},{""name"": ""Установка ПО"", ""url"": ""/services/help/install/""}]";ustanovka-programmy-opticheskogo-raspoznavaniia-teksta;/assets/images/upload/services/help/install/ustanovka-programmy-opticheskogo-raspoznavaniia-teksta.jpg;/assets/images/upload/services/help/install/thumb_ustanovka-programmy-opticheskogo-raspoznavaniia-teksta.jpg
65;Установка шрифтов;Установка шрифтов;Установка шрифтов;Установка шрифтов;Нужны красивые шрифты на компьютере? Звоните!;;;;service;help-install;/services;help/install;1500;"[{""name"": ""Услуги"", ""url"": ""/services/""},{""name"": ""Компьютерная помощь"", ""url"": ""/services/help/""},{""name"": ""Установка ПО"", ""url"": ""/services/help/install/""}]";ustanovka-shriftov;/assets/images/upload/services/help/install/ustanovka-shriftov.jpg;/assets/images/upload/services/help/install/thumb_ustanovka-shriftov.jpg
66;Установка драйверов чипсета;Установка драйверов чипсета;Установка драйверов чипсета;Установка драйверов чипсета;Не хватает драйверов чипсета? Звоните!;;;;service;help-install;/services;help/install;1600;"[{""name"": ""Услуги"", ""url"": ""/services/""},{""name"": ""Компьютерная помощь"", ""url"": ""/services/help/""},{""name"": ""Установка ПО"", ""url"": ""/services/help/install/""}]";ustanovka-draiverov-chipseta;/assets/images/upload/services/help/install/ustanovka-draiverov-chipseta.jpg;/assets/images/upload/services/help/install/thumb_ustanovka-draiverov-chipseta.jpg
67;Установка драйверов видеокарты;Установка драйверов видеокарты;Установка драйверов видеокарты;Установка драйверов видеокарты;Видеокарта работает не на всю мощность? Звоните!;;;;service;help-install;/services;help/install;1700;"[{""name"": ""Услуги"", ""url"": ""/services/""},{""name"": ""Компьютерная помощь"", ""url"": ""/services/help/""},{""name"": ""Установка ПО"", ""url"": ""/services/help/install/""}]";ustanovka-draiverov-videokarty;/assets/images/upload/services/help/install/ustanovka-draiverov-videokarty.jpg;/assets/images/upload/services/help/install/thumb_ustanovka-draiverov-videokarty.jpg
68;Установка драйверов звуковой карты;Установка драйверов звуковой карты;Установка драйверов звуковой карты;Установка драйверов звуковой карты;Нормально не работает звук или микрофон? Звоните!;;;;service;help-install;/services;help/install;1800;"[{""name"": ""Услуги"", ""url"": ""/services/""},{""name"": ""Компьютерная помощь"", ""url"": ""/services/help/""},{""name"": ""Установка ПО"", ""url"": ""/services/help/install/""}]";ustanovka-draiverov-zvukovoi-karty;/assets/images/upload/services/help/install/ustanovka-draiverov-zvukovoi-karty.jpg;/assets/images/upload/services/help/install/thumb_ustanovka-draiverov-zvukovoi-karty.jpg
69;Установка драйверов сетевой карты;Установка драйверов сетевой карты;Установка драйверов сетевой карты;Установка драйверов сетевой карты;Не стабильно работает сетсевая карта? Звоните!;;;;service;help-install;/services;help/install;1900;"[{""name"": ""Услуги"", ""url"": ""/services/""},{""name"": ""Компьютерная помощь"", ""url"": ""/services/help/""},{""name"": ""Установка ПО"", ""url"": ""/services/help/install/""}]";ustanovka-draiverov-setevoi-karty;/assets/images/upload/services/help/install/ustanovka-draiverov-setevoi-karty.jpg;/assets/images/upload/services/help/install/thumb_ustanovka-draiverov-setevoi-karty.jpg
70;Установка драйверов Wi-Fi адаптера;Установка драйверов Wi-Fi адаптера;Установка драйверов Wi-Fi адаптера;Установка драйверов Wi-Fi адаптера;Не работает Wi-Fi? Звоните!;;;;service;help-install;/services;help/install;2000;"[{""name"": ""Услуги"", ""url"": ""/services/""},{""name"": ""Компьютерная помощь"", ""url"": ""/services/help/""},{""name"": ""Установка ПО"", ""url"": ""/services/help/install/""}]";ustanovka-draiverov-wi-fi-adaptera;/assets/images/upload/services/help/install/ustanovka-draiverov-wi-fi-adaptera.jpg;/assets/images/upload/services/help/install/thumb_ustanovka-draiverov-wi-fi-adaptera.jpg
71;Установка драйверов тачпада;Установка драйверов тачпада;Установка драйверов тачпада;Установка драйверов тачпада;Нет всех возможностей тачпада? Звоните!;;;;service;help-install;/services;help/install;2100;"[{""name"": ""Услуги"", ""url"": ""/services/""},{""name"": ""Компьютерная помощь"", ""url"": ""/services/help/""},{""name"": ""Установка ПО"", ""url"": ""/services/help/install/""}]";ustanovka-draiverov-tachpada;/assets/images/upload/services/help/install/ustanovka-draiverov-tachpada.jpg;/assets/images/upload/services/help/install/thumb_ustanovka-draiverov-tachpada.jpg
72;Установка драйверов вебкамеры;Установка драйверов вебкамеры;Установка драйверов вебкамеры;Установка драйверов вебкамеры;Не работает веб-камера? Звоните!;;;;service;help-install;/services;help/install;2200;"[{""name"": ""Услуги"", ""url"": ""/services/""},{""name"": ""Компьютерная помощь"", ""url"": ""/services/help/""},{""name"": ""Установка ПО"", ""url"": ""/services/help/install/""}]";ustanovka-draiverov-vebkamery;/assets/images/upload/services/help/install/ustanovka-draiverov-vebkamery.jpg;/assets/images/upload/services/help/install/thumb_ustanovka-draiverov-vebkamery.jpg
73;Установка драйверов принтера;Установка драйверов принтера;Установка драйверов принтера;Установка драйверов принтера;Нужно установить принтер? Звоните!;;;;service;help-install;/services;help/install;2300;"[{""name"": ""Услуги"", ""url"": ""/services/""},{""name"": ""Компьютерная помощь"", ""url"": ""/services/help/""},{""name"": ""Установка ПО"", ""url"": ""/services/help/install/""}]";ustanovka-draiverov-printera;/assets/images/upload/services/help/install/ustanovka-draiverov-printera.jpg;/assets/images/upload/services/help/install/thumb_ustanovka-draiverov-printera.jpg
74;Установка драйвера сканера;Установка драйвера сканера;Установка драйвера сканера;Установка драйвера сканера;Нужно установить сканер? Звоните!;;;;service;help-install;/services;help/install;2400;"[{""name"": ""Услуги"", ""url"": ""/services/""},{""name"": ""Компьютерная помощь"", ""url"": ""/services/help/""},{""name"": ""Установка ПО"", ""url"": ""/services/help/install/""}]";ustanovka-draivera-skanera;/assets/images/upload/services/help/install/ustanovka-draivera-skanera.jpg;/assets/images/upload/services/help/install/thumb_ustanovka-draivera-skanera.jpg
75;Установка антивируса;Установка антивируса;Установка антивируса;Установка антивируса;Нужен антивирус? Звоните!;;;;service;help-install;/services;help/install;2500;"[{""name"": ""Услуги"", ""url"": ""/services/""},{""name"": ""Компьютерная помощь"", ""url"": ""/services/help/""},{""name"": ""Установка ПО"", ""url"": ""/services/help/install/""}]";ustanovka-antivirusa;/assets/images/upload/services/help/install/ustanovka-antivirusa.jpg;/assets/images/upload/services/help/install/thumb_ustanovka-antivirusa.jpg
76;Установка Firewall;Установка межсетевого экрана (Firewall);Установка межсетевого экрана (Firewall);Установка межсетевого экрана (Firewall);Нужен Firewall? Звоните!;;;;service;help-install;/services;help/install;2600;"[{""name"": ""Услуги"", ""url"": ""/services/""},{""name"": ""Компьютерная помощь"", ""url"": ""/services/help/""},{""name"": ""Установка ПО"", ""url"": ""/services/help/install/""}]";ustanovka-mezhsetevogo-ekrana-(firewall);/assets/images/upload/services/help/install/ustanovka-mezhsetevogo-ekrana-(firewall).jpg;/assets/images/upload/services/help/install/thumb_ustanovka-mezhsetevogo-ekrana-(firewall).jpg
77;Настройка BIOS;Настройка BIOS;Настройка BIOS;Настройка BIOS;Нудно настроить BIOS? Звоните!;;;;service;help-config;/services;help/config;100;"[{""name"": ""Услуги"", ""url"": ""/services/""},{""name"": ""Компьютерная помощь"", ""url"": ""/services/help/""},{""name"": ""Настройка ПО"", ""url"": ""/services/help/config/""}]";nastroika-bios;/assets/images/upload/services/help/config/nastroika-bios.jpg;/assets/images/upload/services/help/config/thumb_nastroika-bios.jpg
78;Разбивка диска на логические разделы;Разбивка диска на логические разделы;Разбивка диска на логические разделы;Разбивка диска на логические разделы;Нужно разбить диск на разделы? Звоните!;;;;service;help-config;/services;help/config;200;"[{""name"": ""Услуги"", ""url"": ""/services/""},{""name"": ""Компьютерная помощь"", ""url"": ""/services/help/""},{""name"": ""Настройка ПО"", ""url"": ""/services/help/config/""}]";razbivka-diska-na-logicheskie-razdely;/assets/images/upload/services/help/config/razbivka-diska-na-logicheskie-razdely.jpg;/assets/images/upload/services/help/config/thumb_razbivka-diska-na-logicheskie-razdely.jpg
79;Форматирование жесткого диска;Форматирование жесткого диска;Форматирование жесткого диска;Форматирование жесткого диска;Не форматируется диск? Звоните!;;;;service;help-config;/services;help/config;300;"[{""name"": ""Услуги"", ""url"": ""/services/""},{""name"": ""Компьютерная помощь"", ""url"": ""/services/help/""},{""name"": ""Настройка ПО"", ""url"": ""/services/help/config/""}]";formatirovanie-zhestkogo-diska;/assets/images/upload/services/help/config/formatirovanie-zhestkogo-diska.jpg;/assets/images/upload/services/help/config/thumb_formatirovanie-zhestkogo-diska.jpg
80;Изменение файловой системы;Изменение файловой системы;Изменение файловой системы;Изменение файловой системы;Нудно изменить файловую систему диска? Звоните!;;;;service;help-config;/services;help/config;400;"[{""name"": ""Услуги"", ""url"": ""/services/""},{""name"": ""Компьютерная помощь"", ""url"": ""/services/help/""},{""name"": ""Настройка ПО"", ""url"": ""/services/help/config/""}]";izmenenie-failovoi-sistemy;/assets/images/upload/services/help/config/izmenenie-failovoi-sistemy.jpg;/assets/images/upload/services/help/config/thumb_izmenenie-failovoi-sistemy.jpg
81;Восстановление запуска Windows;Восстановление запуска Windows;Восстановление запуска Windows;Восстановление запуска Windows;Не запускается Windows? Звоните!;;;;service;help-config;/services;help/config;500;"[{""name"": ""Услуги"", ""url"": ""/services/""},{""name"": ""Компьютерная помощь"", ""url"": ""/services/help/""},{""name"": ""Настройка ПО"", ""url"": ""/services/help/config/""}]";vosstanovlenie-zapuska-windows;/assets/images/upload/services/help/config/vosstanovlenie-zapuska-windows.jpg;/assets/images/upload/services/help/config/thumb_vosstanovlenie-zapuska-windows.jpg
82;Настройка параметров автозагрузки Windows;Настройка параметров автозагрузки Windows;Настройка параметров автозагрузки Windows;Настройка параметров автозагрузки Windows;Настроим автозапуск в Windows. Звоните!;;;;service;help-config;/services;help/config;600;"[{""name"": ""Услуги"", ""url"": ""/services/""},{""name"": ""Компьютерная помощь"", ""url"": ""/services/help/""},{""name"": ""Настройка ПО"", ""url"": ""/services/help/config/""}]";nastroika-parametrov-avtozagruzki-windows;/assets/images/upload/services/help/config/nastroika-parametrov-avtozagruzki-windows.jpg;/assets/images/upload/services/help/config/thumb_nastroika-parametrov-avtozagruzki-windows.jpg
83;Настройка графического интерфейса Windows;Настройка графического интерфейса Windows;Настройка графического интерфейса Windows;Настройка графического интерфейса Windows;Хотите нестандартный внешний вид у Windows? Звоните!;;;;service;help-config;/services;help/config;700;"[{""name"": ""Услуги"", ""url"": ""/services/""},{""name"": ""Компьютерная помощь"", ""url"": ""/services/help/""},{""name"": ""Настройка ПО"", ""url"": ""/services/help/config/""}]";nastroika-graficheskogo-interfeisa-windows;/assets/images/upload/services/help/config/nastroika-graficheskogo-interfeisa-windows.jpg;/assets/images/upload/services/help/config/thumb_nastroika-graficheskogo-interfeisa-windows.jpg
84;Настройка расписания дефрагментации жесткого диска;Настройка расписания дефрагментации жесткого диска;Настройка расписания дефрагментации жесткого диска;Настройка расписания дефрагментации жесткого диска;Хотите чтобы компьютер работал быстрее? Звоните!;;;;service;help-config;/services;help/config;800;"[{""name"": ""Услуги"", ""url"": ""/services/""},{""name"": ""Компьютерная помощь"", ""url"": ""/services/help/""},{""name"": ""Настройка ПО"", ""url"": ""/services/help/config/""}]";nastroika-raspisaniia-defragmentatcii-zhestkogo-diska;/assets/images/upload/services/help/config/nastroika-raspisaniia-defragmentatcii-zhestkogo-diska.jpg;/assets/images/upload/services/help/config/thumb_nastroika-raspisaniia-defragmentatcii-zhestkogo-diska.jpg
85;Настройка параметров автоматического обновления Windows;Настройка параметров автоматического обновления Windows;Настройка параметров автоматического обновления Windows;Настройка параметров автоматического обновления Windows;Хотите иметь самое новые программы? Звоните!;;;;service;help-config;/services;help/config;900;"[{""name"": ""Услуги"", ""url"": ""/services/""},{""name"": ""Компьютерная помощь"", ""url"": ""/services/help/""},{""name"": ""Настройка ПО"", ""url"": ""/services/help/config/""}]";nastroika-parametrov-avtomaticheskogo-obnovleniia-windows;/assets/images/upload/services/help/config/nastroika-parametrov-avtomaticheskogo-obnovleniia-windows.jpg;/assets/images/upload/services/help/config/thumb_nastroika-parametrov-avtomaticheskogo-obnovleniia-windows.jpg
86;Настройка уведомлений в Windows;Настройка уведомлений в Windows;Настройка уведомлений в Windows;Настройка уведомлений в Windows;Надоели уведомления в Windows? Звоните!;;;;service;help-config;/services;help/config;1000;"[{""name"": ""Услуги"", ""url"": ""/services/""},{""name"": ""Компьютерная помощь"", ""url"": ""/services/help/""},{""name"": ""Настройка ПО"", ""url"": ""/services/help/config/""}]";nastroika-uvedomlenii-v-windows;/assets/images/upload/services/help/config/nastroika-uvedomlenii-v-windows.jpg;/assets/images/upload/services/help/config/thumb_nastroika-uvedomlenii-v-windows.jpg
87;Настройка файла подкачки Windows;Настройка файла подкачки Windows;Настройка файла подкачки Windows;Настройка файла подкачки Windows;Не хватает виртуальной памяти? Звоните!;;;;service;help-config;/services;help/config;1100;"[{""name"": ""Услуги"", ""url"": ""/services/""},{""name"": ""Компьютерная помощь"", ""url"": ""/services/help/""},{""name"": ""Настройка ПО"", ""url"": ""/services/help/config/""}]";nastroika-faila-podkachki-windows;/assets/images/upload/services/help/config/nastroika-faila-podkachki-windows.jpg;/assets/images/upload/services/help/config/thumb_nastroika-faila-podkachki-windows.jpg
88;Настройка электропитания;Настройка электропитания компьютера;Настройка электропитания компьютера;Настройка электропитания компьютера;Компьютер выключается, когда вам это не надо? Звоните!;;;;service;help-config;/services;help/config;1200;"[{""name"": ""Услуги"", ""url"": ""/services/""},{""name"": ""Компьютерная помощь"", ""url"": ""/services/help/""},{""name"": ""Настройка ПО"", ""url"": ""/services/help/config/""}]";nastroika-elektropitaniia-kompiutera;/assets/images/upload/services/help/config/nastroika-elektropitaniia-kompiutera.jpg;/assets/images/upload/services/help/config/thumb_nastroika-elektropitaniia-kompiutera.jpg
89;Настройка антивируса;Настройка антивируса;Настройка антивируса;Настройка антивируса;"Антивирус ""съедает"" все ресурсы компьютера? Звоните!";;;;service;help-config;/services;help/config;1300;"[{""name"": ""Услуги"", ""url"": ""/services/""},{""name"": ""Компьютерная помощь"", ""url"": ""/services/help/""},{""name"": ""Настройка ПО"", ""url"": ""/services/help/config/""}]";nastroika-antivirusa;/assets/images/upload/services/help/config/nastroika-antivirusa.jpg;/assets/images/upload/services/help/config/thumb_nastroika-antivirusa.jpg
90;Настройка Firewall;Настройка межсетевого экрана (Firewall);Настройка межсетевого экрана (Firewall);Настройка межсетевого экрана (Firewall);Нудна защита от сетевых атак? Звоните!;;;;service;help-config;/services;help/config;1400;"[{""name"": ""Услуги"", ""url"": ""/services/""},{""name"": ""Компьютерная помощь"", ""url"": ""/services/help/""},{""name"": ""Настройка ПО"", ""url"": ""/services/help/config/""}]";nastroika-mezhsetevogo-ekrana-(firewall);/assets/images/upload/services/help/config/nastroika-mezhsetevogo-ekrana-(firewall).jpg;/assets/images/upload/services/help/config/thumb_nastroika-mezhsetevogo-ekrana-(firewall).jpg
91;Проверка и очистка вирусов;Проверка и очистка вирусов;Проверка и очистка вирусов;Проверка и очистка вирусов;Нахватали вирусов? Звоните!;;;;service;help-remove;/services;help/remove;100;"[{""name"": ""Услуги"", ""url"": ""/services/""},{""name"": ""Компьютерная помощь"", ""url"": ""/services/help/""},{""name"": ""Удаление ПО и вирусов"", ""url"": ""/services/help/remove/""}]";proverka-i-ochistka-virusov;/assets/images/upload/services/help/remove/proverka-i-ochistka-virusov.jpg;/assets/images/upload/services/help/remove/thumb_proverka-i-ochistka-virusov.jpg
92;Удаление СМС баннера;Удаление СМС баннера;Удаление СМС баннера;Удаление СМС баннера;Windows заблокирован? Звоните!;;;;service;help-remove;/services;help/remove;200;"[{""name"": ""Услуги"", ""url"": ""/services/""},{""name"": ""Компьютерная помощь"", ""url"": ""/services/help/""},{""name"": ""Удаление ПО и вирусов"", ""url"": ""/services/help/remove/""}]";udalenie-sms-bannera;/assets/images/upload/services/help/remove/udalenie-sms-bannera.jpg;/assets/images/upload/services/help/remove/thumb_udalenie-sms-bannera.jpg
93;Очистка диска и системы от ненужных и старых файлов;Очистка диска и системы от ненужных и старых файлов;Очистка диска и системы от ненужных и старых файлов;Очистка диска и системы от ненужных и старых файлов;"Нужна очиста компьютера от ""мусора""? Звоните!";;;;service;help-remove;/services;help/remove;300;"[{""name"": ""Услуги"", ""url"": ""/services/""},{""name"": ""Компьютерная помощь"", ""url"": ""/services/help/""},{""name"": ""Удаление ПО и вирусов"", ""url"": ""/services/help/remove/""}]";ochistka-diska-i-sistemy-ot-nenuzhnykh-i-starykh-failov;/assets/images/upload/services/help/remove/ochistka-diska-i-sistemy-ot-nenuzhnykh-i-starykh-failov.jpg;/assets/images/upload/services/help/remove/thumb_ochistka-diska-i-sistemy-ot-nenuzhnykh-i-starykh-failov.jpg
94;Организация резервного копирования;Организация резервного копирования;Организация резервного копирования;Организация резервного копирования;Решили озаботиться о резервном копировании? Звоните!;;;;service;help-maintenance;/services;help/maintenance;100;"[{""name"": ""Услуги"", ""url"": ""/services/""},{""name"": ""Компьютерная помощь"", ""url"": ""/services/help/""},{""name"": ""Обслуживание"", ""url"": ""/services/help/maintenance/""}]";organizatciia-rezervnogo-kopirovaniia;/assets/images/upload/services/help/maintenance/organizatciia-rezervnogo-kopirovaniia.jpg;/assets/images/upload/services/help/maintenance/thumb_organizatciia-rezervnogo-kopirovaniia.jpg
95;Перенос данных со старого компьютера;Перенос данных со старого компьютера или ноутбука;Перенос данных со старого компьютера или ноутбука;Перенос данных со старого компьютера или ноутбука;Нудно перенести данные со старого компьютера? Звоните!;;;;service;help-maintenance;/services;help/maintenance;200;"[{""name"": ""Услуги"", ""url"": ""/services/""},{""name"": ""Компьютерная помощь"", ""url"": ""/services/help/""},{""name"": ""Обслуживание"", ""url"": ""/services/help/maintenance/""}]";perenos-dannykh-so-starogo-kompiutera-ili-noutbuka;/assets/images/upload/services/help/maintenance/perenos-dannykh-so-starogo-kompiutera-ili-noutbuka.jpg;/assets/images/upload/services/help/maintenance/thumb_perenos-dannykh-so-starogo-kompiutera-ili-noutbuka.jpg
96;Создание образа раздела диска;Создание образа раздела жесткого диска;Создание образа раздела жесткого диска;Создание образа раздела жесткого диска;Нуден образ раздела жесткого диска? Звоните!;;;;service;help-maintenance;/services;help/maintenance;300;"[{""name"": ""Услуги"", ""url"": ""/services/""},{""name"": ""Компьютерная помощь"", ""url"": ""/services/help/""},{""name"": ""Обслуживание"", ""url"": ""/services/help/maintenance/""}]";sozdanie-obraza-razdela-zhestkogo-diska;/assets/images/upload/services/help/maintenance/sozdanie-obraza-razdela-zhestkogo-diska.jpg;/assets/images/upload/services/help/maintenance/thumb_sozdanie-obraza-razdela-zhestkogo-diska.jpg
97;Запись информации на компакт диск;Запись информации на компакт диск;Запись информации на компакт диск;Запись информации на компакт диск;Нужно записать информацию на компакт диск? Звоните!;;;;service;help-maintenance;/services;help/maintenance;400;"[{""name"": ""Услуги"", ""url"": ""/services/""},{""name"": ""Компьютерная помощь"", ""url"": ""/services/help/""},{""name"": ""Обслуживание"", ""url"": ""/services/help/maintenance/""}]";zapis-informatcii-na-kompakt-disk;/assets/images/upload/services/help/maintenance/zapis-informatcii-na-kompakt-disk.jpg;/assets/images/upload/services/help/maintenance/thumb_zapis-informatcii-na-kompakt-disk.jpg
98;Сброс пароля Windows;Сброс пароля Windows;Сброс пароля Windows;Сброс пароля Windows;Забили пароль от входа в Windows? Звоните?;;;;service;help-maintenance;/services;help/maintenance;500;"[{""name"": ""Услуги"", ""url"": ""/services/""},{""name"": ""Компьютерная помощь"", ""url"": ""/services/help/""},{""name"": ""Обслуживание"", ""url"": ""/services/help/maintenance/""}]";sbros-parolia-windows;/assets/images/upload/services/help/maintenance/sbros-parolia-windows.jpg;/assets/images/upload/services/help/maintenance/thumb_sbros-parolia-windows.jpg
99;Устранение ошибок в системном реестре, чистка реестра;Устранение ошибок в системном реестре, чистка реестра;Устранение ошибок в системном реестре, чистка реестра;Устранение ошибок в системном реестре, чистка реестра;Нужна чистка реестра Windows? Звоните!;;;;service;help-maintenance;/services;help/maintenance;600;"[{""name"": ""Услуги"", ""url"": ""/services/""},{""name"": ""Компьютерная помощь"", ""url"": ""/services/help/""},{""name"": ""Обслуживание"", ""url"": ""/services/help/maintenance/""}]";ustranenie-oshibok-v-sistemnom-reestre,-chistka-reestra;/assets/images/upload/services/help/maintenance/ustranenie-oshibok-v-sistemnom-reestre,-chistka-reestra.jpg;/assets/images/upload/services/help/maintenance/thumb_ustranenie-oshibok-v-sistemnom-reestre,-chistka-reestra.jpg
100;Офисный компьютер;Сборка офисного компьютера под заказ;Сборка офисного компьютера под заказ;Сборка офисного компьютера под заказ;Нужен офисный компьютер? Звоните!;;;;service;help-build;/services;help/build;100;"[{""name"": ""Услуги"", ""url"": ""/services/""},{""name"": ""Компьютерная помощь"", ""url"": ""/services/help/""},{""name"": ""Сборка компьютера"", ""url"": ""/services/help/build/""}]";ofisnyi;/assets/images/upload/services/help/build/ofisnyi.jpg;/assets/images/upload/services/help/build/thumb_ofisnyi.jpg
101;Домашний компьютер;Сборка домашнего компьютера под заказ;Сборка домашнего компьютера под заказ;Сборка домашнего компьютера под заказ;Нужен домашний компьютер? Звоните!;;;;service;help-build;/services;help/build;200;"[{""name"": ""Услуги"", ""url"": ""/services/""},{""name"": ""Компьютерная помощь"", ""url"": ""/services/help/""},{""name"": ""Сборка компьютера"", ""url"": ""/services/help/build/""}]";domashnii;/assets/images/upload/services/help/build/domashnii.jpg;/assets/images/upload/services/help/build/thumb_domashnii.jpg
102;Игровой компьютер;Сборка игрового компьютера под заказ;Сборка игрового компьютера под заказ;Сборка игрового компьютера под заказ;Нужен игровой компьютер? Звоните!;;;;service;help-build;/services;help/build;300;"[{""name"": ""Услуги"", ""url"": ""/services/""},{""name"": ""Компьютерная помощь"", ""url"": ""/services/help/""},{""name"": ""Сборка компьютера"", ""url"": ""/services/help/build/""}]";igrovoi;/assets/images/upload/services/help/build/igrovoi.jpg;/assets/images/upload/services/help/build/thumb_igrovoi.jpg
103;HDD;Восстановление данных с жесткого диска;Восстановление данных с жесткого диска;Восстановление данных с жесткого диска;Нужно восстановление данных с HDD? Звоните!;;;;service;recovery-devices;/services;recovery/devices;100;"[{""name"": ""Услуги"", ""url"": ""/services/""},{""name"": ""Восстановление данных"", ""url"": ""/services/recovery/""},{""name"": ""Устройства"", ""url"":  ""/services/recovery/devices/""}]";hdd;/assets/images/upload/services/recovery/devices/hdd.jpg;/assets/images/upload/services/recovery/devices/thumb_hdd.jpg
104;Флешка;Восстановление данных с флешки;Восстановление данных с флешки;Восстановление данных с флешки;Нужно восстановление данных с флешки? Звоните!;;;;service;recovery-devices;/services;recovery/devices;200;"[{""name"": ""Услуги"", ""url"": ""/services/""},{""name"": ""Восстановление данных"", ""url"": ""/services/recovery/""},{""name"": ""Устройства"", ""url"":  ""/services/recovery/devices/""}]";fleshka;/assets/images/upload/services/recovery/devices/fleshka.jpg;/assets/images/upload/services/recovery/devices/thumb_fleshka.jpg
105;Карта памяти;Восстановление данных с карты памяти;Восстановление данных с карты памяти;Восстановление данных с карты памяти;Нужно восстановление данных с карты памяти? Звоните!;;;;service;recovery-devices;/services;recovery/devices;300;"[{""name"": ""Услуги"", ""url"": ""/services/""},{""name"": ""Восстановление данных"", ""url"": ""/services/recovery/""},{""name"": ""Устройства"", ""url"":  ""/services/recovery/devices/""}]";karta-pamiati;/assets/images/upload/services/recovery/devices/karta-pamiati.jpg;/assets/images/upload/services/recovery/devices/thumb_karta-pamiati.jpg
106;SSD;Восстановление данных с SSD;Восстановление данных с SSD;Восстановление данных с SSD;Нужно восстановление данных с SSD? Звоните!;;;;service;recovery-devices;/services;recovery/devices;400;"[{""name"": ""Услуги"", ""url"": ""/services/""},{""name"": ""Восстановление данных"", ""url"": ""/services/recovery/""},{""name"": ""Устройства"", ""url"":  ""/services/recovery/devices/""}]";ssd;/assets/images/upload/services/recovery/devices/ssd.jpg;/assets/images/upload/services/recovery/devices/thumb_ssd.jpg
107;RAID;Восстановление данных с RAID массива;Восстановление данных с RAID массива;Восстановление данных с RAID массива;Нужно восстановление данных с RAID массива? Звоните!;;;;service;recovery-devices;/services;recovery/devices;500;"[{""name"": ""Услуги"", ""url"": ""/services/""},{""name"": ""Восстановление данных"", ""url"": ""/services/recovery/""},{""name"": ""Устройства"", ""url"":  ""/services/recovery/devices/""}]";raid;/assets/images/upload/services/recovery/devices/raid.jpg;/assets/images/upload/services/recovery/devices/thumb_raid.jpg
108;Мобильные устройства;Восстановление данных с мобильных устройств;Восстановление данных с мобильных устройств;Восстановление данных с мобильных устройств;Нужно восстановление данных с мобльного устройства? Звоните!;;;;service;recovery-devices;/services;recovery/devices;600;"[{""name"": ""Услуги"", ""url"": ""/services/""},{""name"": ""Восстановление данных"", ""url"": ""/services/recovery/""},{""name"": ""Устройства"", ""url"":  ""/services/recovery/devices/""}]";mobilnye-ustroistva;/assets/images/upload/services/recovery/devices/mobilnye-ustroistva.jpg;/assets/images/upload/services/recovery/devices/thumb_mobilnye-ustroistva.jpg
109;Видеорегистраторы;Восстановление данных с видеорегистратора;Восстановление данных с видеорегистратора;Восстановление данных с видеорегистратора;Нужно восстановление данных с видеорегистратора? Звоните!;;;;service;recovery-devices;/services;recovery/devices;700;"[{""name"": ""Услуги"", ""url"": ""/services/""},{""name"": ""Восстановление данных"", ""url"": ""/services/recovery/""},{""name"": ""Устройства"", ""url"":  ""/services/recovery/devices/""}]";videoregistratory;/assets/images/upload/services/recovery/devices/videoregistratory.jpg;/assets/images/upload/services/recovery/devices/thumb_videoregistratory.jpg
110;Нотбуки;Восстановление данных с ноутбука;Восстановление данных с ноутбука;Восстановление данных с ноутбука;Нужно восстановление данных с нотбука? Звоните!;;;;service;recovery-devices;/services;recovery/devices;800;"[{""name"": ""Услуги"", ""url"": ""/services/""},{""name"": ""Восстановление данных"", ""url"": ""/services/recovery/""},{""name"": ""Устройства"", ""url"":  ""/services/recovery/devices/""}]";notbuki;/assets/images/upload/services/recovery/devices/notbuki.jpg;/assets/images/upload/services/recovery/devices/thumb_notbuki.jpg
111;NAS;Восстановление данных с сетевых хранилищ NAS;Восстановление данных с сетевых хранилищ NAS;Восстановление данных с сетевых хранилищ NAS;Нужно восстановление данных на сетевом хранилище? Звоните!;;;;service;recovery-devices;/services;recovery/devices;900;"[{""name"": ""Услуги"", ""url"": ""/services/""},{""name"": ""Восстановление данных"", ""url"": ""/services/recovery/""},{""name"": ""Устройства"", ""url"":  ""/services/recovery/devices/""}]";nas;/assets/images/upload/services/recovery/devices/nas.jpg;/assets/images/upload/services/recovery/devices/thumb_nas.jpg
112;Фотоаппарат;Восстановление данных с фотоаппарата;Восстановление данных с фотоаппарата;Восстановление данных с фотоаппарата;Нужно восстановление данных с фотоаппарата? Звоните!;;;;service;recovery-devices;/services;recovery/devices;1000;"[{""name"": ""Услуги"", ""url"": ""/services/""},{""name"": ""Восстановление данных"", ""url"": ""/services/recovery/""},{""name"": ""Устройства"", ""url"":  ""/services/recovery/devices/""}]";fotoapparat;/assets/images/upload/services/recovery/devices/fotoapparat.jpg;/assets/images/upload/services/recovery/devices/thumb_fotoapparat.jpg
113;Архивы;Восстановление файлов архивов;Восстановление файлов архивов;Восстановление файлов архивов;Нужно восстановление файлов архивов? Звоните!;;;;service;recovery-data-types;/services;recovery/data-types;100;"[{""name"": ""Услуги"", ""url"": ""/services/""},{""name"": ""Восстановление данных"", ""url"": ""/services/recovery/""},{""name"": ""Типы данных"", ""url"":  ""/services/recovery/data-types/""}]";arhivy;/assets/images/upload/services/recovery/data-types/arhivy.jpg;/assets/images/upload/services/recovery/data-types/thumb_arhivy.jpg
114;Базы данных;Восстановление баз данных;Восстановление баз данных;Восстановление баз данных;Нужно восстановление базы данных? Звоните!;;;;service;recovery-data-types;/services;recovery/data-types;200;"[{""name"": ""Услуги"", ""url"": ""/services/""},{""name"": ""Восстановление данных"", ""url"": ""/services/recovery/""},{""name"": ""Типы данных"", ""url"":  ""/services/recovery/data-types/""}]";bazy-dannykh;/assets/images/upload/services/recovery/data-types/bazy-dannykh.jpg;/assets/images/upload/services/recovery/data-types/thumb_bazy-dannykh.jpg
115;Документы;Восстановление файлов документов;Восстановление файлов документов;Восстановление файлов документов;Нужно восстановление файлов документов? Звоните!;;;;service;recovery-data-types;/services;recovery/data-types;300;"[{""name"": ""Услуги"", ""url"": ""/services/""},{""name"": ""Восстановление данных"", ""url"": ""/services/recovery/""},{""name"": ""Типы данных"", ""url"":  ""/services/recovery/data-types/""}]";dokumenty;/assets/images/upload/services/recovery/data-types/dokumenty.jpg;/assets/images/upload/services/recovery/data-types/thumb_dokumenty.jpg
116;Музыка;Восстановление аудиофайлов;Восстановление аудиофайлов;Восстановление аудиофайлов;Нужно восстановление аудиофайлов? Звоните!;;;;service;recovery-data-types;/services;recovery/data-types;400;"[{""name"": ""Услуги"", ""url"": ""/services/""},{""name"": ""Восстановление данных"", ""url"": ""/services/recovery/""},{""name"": ""Типы данных"", ""url"":  ""/services/recovery/data-types/""}]";muzyka;/assets/images/upload/services/recovery/data-types/muzyka.jpg;/assets/images/upload/services/recovery/data-types/thumb_muzyka.jpg
117;Фотографии;Восстановление файлов изображений и фотографий;Восстановление файлов изображений и фотографий;Восстановление файлов изображений и фотографий;Нужно восстановление фотографий? Звоните!;;;;service;recovery-data-types;/services;recovery/data-types;500;"[{""name"": ""Услуги"", ""url"": ""/services/""},{""name"": ""Восстановление данных"", ""url"": ""/services/recovery/""},{""name"": ""Типы данных"", ""url"":  ""/services/recovery/data-types/""}]";fotografii;/assets/images/upload/services/recovery/data-types/fotografii.jpg;/assets/images/upload/services/recovery/data-types/thumb_fotografii.jpg
118;Видео;Восстановление видео файлов;Восстановление видео файлов;Восстановление видео файлов;Нужно восстановление видео файлов? Звоните!;;;;service;recovery-data-types;/services;recovery/data-types;600;"[{""name"": ""Услуги"", ""url"": ""/services/""},{""name"": ""Восстановление данных"", ""url"": ""/services/recovery/""},{""name"": ""Типы данных"", ""url"":  ""/services/recovery/data-types/""}]";video;/assets/images/upload/services/recovery/data-types/video.jpg;/assets/images/upload/services/recovery/data-types/thumb_video.jpg
119;Падение;Восстановление данных после падения;Восстановление данных после падения;Восстановление данных после падения;Нужно восстановление данных после падения? Звоните!;;;;service;recovery-causes;/services;recovery/causes;100;"[{""name"": ""Услуги"", ""url"": ""/services/""},{""name"": ""Восстановление данных"", ""url"": ""/services/recovery/""},{""name"": ""После проишествий"", ""url"":  ""/services/recovery/causes/""}]";padenie;/assets/images/upload/services/recovery/causes/padenie.jpg;/assets/images/upload/services/recovery/causes/thumb_padenie.jpg
120;Удаление;Восстановление данных после удаления;Восстановление данных после удаления;Восстановление данных после удаления;Нужно восстановление данных после удаления? Звоните!;;;;service;recovery-causes;/services;recovery/causes;200;"[{""name"": ""Услуги"", ""url"": ""/services/""},{""name"": ""Восстановление данных"", ""url"": ""/services/recovery/""},{""name"": ""После проишествий"", ""url"":  ""/services/recovery/causes/""}]";udalenie;/assets/images/upload/services/recovery/causes/udalenie.jpg;/assets/images/upload/services/recovery/causes/thumb_udalenie.jpg
121;Шифрование;Восстановление данных после шифрования;Восстановление данных после шифрования;Восстановление данных после шифрования;Нужно восстановление данных после шифрования? Звоните!;;;;service;recovery-causes;/services;recovery/causes;300;"[{""name"": ""Услуги"", ""url"": ""/services/""},{""name"": ""Восстановление данных"", ""url"": ""/services/recovery/""},{""name"": ""После проишествий"", ""url"":  ""/services/recovery/causes/""}]";shifrovanie;/assets/images/upload/services/recovery/causes/shifrovanie.jpg;/assets/images/upload/services/recovery/causes/thumb_shifrovanie.jpg
122;Пожар;Восстановление данных после возгорания или пожара;Восстановление данных после возгорания или пожара;Восстановление данных после возгорания или пожара;Нужно восстановление данных после пожара? Звоните!;;;;service;recovery-causes;/services;recovery/causes;400;"[{""name"": ""Услуги"", ""url"": ""/services/""},{""name"": ""Восстановление данных"", ""url"": ""/services/recovery/""},{""name"": ""После проишествий"", ""url"":  ""/services/recovery/causes/""}]";pozhar;/assets/images/upload/services/recovery/causes/pozhar.jpg;/assets/images/upload/services/recovery/causes/thumb_pozhar.jpg
123;Форматирование;Восстановление данных после форматирования;Восстановление данных после форматирования;Восстановление данных после форматирования;Нужно восстановление данных после формата? Звоните!;;;;service;recovery-causes;/services;recovery/causes;500;"[{""name"": ""Услуги"", ""url"": ""/services/""},{""name"": ""Восстановление данных"", ""url"": ""/services/recovery/""},{""name"": ""После проишествий"", ""url"":  ""/services/recovery/causes/""}]";formatirovanie;/assets/images/upload/services/recovery/causes/formatirovanie.jpg;/assets/images/upload/services/recovery/causes/thumb_formatirovanie.jpg
124;Влага;Восстановление данных после залития или попадания влаги;Восстановление данных после залития или попадания влаги;Восстановление данных после залития или попадания влаги;Нужно восстановление данных после залития? Звоните!;;;;service;recovery-causes;/services;recovery/causes;600;"[{""name"": ""Услуги"", ""url"": ""/services/""},{""name"": ""Восстановление данных"", ""url"": ""/services/recovery/""},{""name"": ""После проишествий"", ""url"":  ""/services/recovery/causes/""}]";vlaga;/assets/images/upload/services/recovery/causes/vlaga.jpg;/assets/images/upload/services/recovery/causes/thumb_vlaga.jpg
125;Заражение вирусами;Восстановление данных после заражения вирусами;Восстановление данных после заражения вирусами;Восстановление данных после заражения вирусами;Нужно восстановление данных после вирусов? Звоните!;;;;service;recovery-causes;/services;recovery/causes;700;"[{""name"": ""Услуги"", ""url"": ""/services/""},{""name"": ""Восстановление данных"", ""url"": ""/services/recovery/""},{""name"": ""После проишествий"", ""url"":  ""/services/recovery/causes/""}]";zarazhenie-virusami;/assets/images/upload/services/recovery/causes/zarazhenie-virusami.jpg;/assets/images/upload/services/recovery/causes/thumb_zarazhenie-virusami.jpg
126;Перезапись;Восстановление данных после перезаписи;Восстановление данных после перезаписи;Восстановление данных после перезаписи;Нужно восстановление данных после перезаписи? Звоните!;;;;service;recovery-causes;/services;recovery/causes;800;"[{""name"": ""Услуги"", ""url"": ""/services/""},{""name"": ""Восстановление данных"", ""url"": ""/services/recovery/""},{""name"": ""После проишествий"", ""url"":  ""/services/recovery/causes/""}]";perezapis;/assets/images/upload/services/recovery/causes/perezapis.jpg;/assets/images/upload/services/recovery/causes/thumb_perezapis.jpg
127;Монтаж роутера на стену;Монтаж роутера на стену;Монтаж роутера на стену;Монтаж роутера на стену;;;;;service;net-build;/services;net/build;100;"[{""name"": ""Услуги"", ""url"": ""/services/""},{""name"": ""Сети и интернет"", ""url"": ""/services/net/""},{""name"": ""Прокладка"", ""url"":  ""/services/net/build/""}]";montazh-routera-na-stenu;/assets/images/upload/services/net/build/montazh-routera-na-stenu.jpg;/assets/images/upload/services/net/build/thumb_montazh-routera-na-stenu.jpg
128;Настройка роутера;Настройка роутера;Настройка роутера;Настройка роутера;Нужна настройка роутера? Звоните!;;;;service;net-config;/services;net/config;100;"[{""name"": ""Услуги"", ""url"": ""/services/""},{""name"": ""Сети и интернет"", ""url"": ""/services/net/""},{""name"": ""Настройка"", ""url"":  ""/services/net/config/""}]";nastroika-routera;/assets/images/upload/services/net/config/nastroika-routera.jpg;/assets/images/upload/services/net/config/thumb_nastroika-routera.jpg
129;Подключение дополнительной антенны к Wi-Fi роутеру;Подключение дополнительной антенны к Wi-Fi роутеру;Подключение дополнительной антенны к Wi-Fi роутеру;Подключение дополнительной антенны к Wi-Fi роутеру;Слабый сигнал Wi-Fi? Звоните!;;;;service;net-config;/services;net/config;200;"[{""name"": ""Услуги"", ""url"": ""/services/""},{""name"": ""Сети и интернет"", ""url"": ""/services/net/""},{""name"": ""Настройка"", ""url"":  ""/services/net/config/""}]";podcliuchenie-dopolnitelnoi-antenny-k-wi-fi-routeru;/assets/images/upload/services/net/config/podcliuchenie-dopolnitelnoi-antenny-k-wi-fi-routeru.jpg;/assets/images/upload/services/net/config/thumb_podcliuchenie-dopolnitelnoi-antenny-k-wi-fi-routeru.jpg
130;Настройка IPTV;Настройка IPTV;Настройка IPTV;Настройка IPTV;Нужно настроить IPTV? Звоните!;;;;service;net-config;/services;net/config;300;"[{""name"": ""Услуги"", ""url"": ""/services/""},{""name"": ""Сети и интернет"", ""url"": ""/services/net/""},{""name"": ""Настройка"", ""url"":  ""/services/net/config/""}]";nastroika-iptv;/assets/images/upload/services/net/config/nastroika-iptv.jpg;/assets/images/upload/services/net/config/thumb_nastroika-iptv.jpg
131;Настройка IP-камеры;Настройка IP-камеры;Настройка IP-камеры;Настройка IP-камеры;Нужна настройка IP-камеры? Звоните!;;;;service;net-config;/services;net/config;400;"[{""name"": ""Услуги"", ""url"": ""/services/""},{""name"": ""Сети и интернет"", ""url"": ""/services/net/""},{""name"": ""Настройка"", ""url"":  ""/services/net/config/""}]";nastroika-ip-kamery-dlia-prosmotra-cherez-internet;/assets/images/upload/services/net/config/nastroika-ip-kamery-dlia-prosmotra-cherez-internet.jpg;/assets/images/upload/services/net/config/thumb_nastroika-ip-kamery-dlia-prosmotra-cherez-internet.jpg
132;Настройка интернета через мобильный телефон;Настройка интернета через мобильный телефон;Настройка интернета через мобильный телефон;Настройка интернета через мобильный телефон;Нужен интернет через телефон? Звоните!;;;;service;net-config;/services;net/config;500;"[{""name"": ""Услуги"", ""url"": ""/services/""},{""name"": ""Сети и интернет"", ""url"": ""/services/net/""},{""name"": ""Настройка"", ""url"":  ""/services/net/config/""}]";nastroika-internet-cherez-mobilnyi-telefon;/assets/images/upload/services/net/config/nastroika-internet-cherez-mobilnyi-telefon.jpg;/assets/images/upload/services/net/config/thumb_nastroika-internet-cherez-mobilnyi-telefon.jpg
133;Настройка интернета через локальную сеть;Настройка интернета через локальную сеть;Настройка интернета через локальную сеть;Настройка интернета через локальную сеть;Нуден интернет через локальную сеть? Звоните!;;;;service;net-config;/services;net/config;600;"[{""name"": ""Услуги"", ""url"": ""/services/""},{""name"": ""Сети и интернет"", ""url"": ""/services/net/""},{""name"": ""Настройка"", ""url"":  ""/services/net/config/""}]";nastroika-internet-cherez-lokalnuiu-set;/assets/images/upload/services/net/config/nastroika-internet-cherez-lokalnuiu-set.jpg;/assets/images/upload/services/net/config/thumb_nastroika-internet-cherez-lokalnuiu-set.jpg
134;Получение сетевых настроек от Интернет провайдера;Получение сетевых настроек от Интернет провайдера;Получение сетевых настроек от Интернет провайдера;Получение сетевых настроек от Интернет провайдера;;;;;service;net-config;/services;net/config;700;"[{""name"": ""Услуги"", ""url"": ""/services/""},{""name"": ""Сети и интернет"", ""url"": ""/services/net/""},{""name"": ""Настройка"", ""url"":  ""/services/net/config/""}]";poluchenie-setevykh-nastroek-ot-internet-provaidera;/assets/images/upload/services/net/config/poluchenie-setevykh-nastroek-ot-internet-provaidera.jpg;/assets/images/upload/services/net/config/thumb_poluchenie-setevykh-nastroek-ot-internet-provaidera.jpg
135;Настройка браузера;Настройка браузера;Настройка браузера;Настройка браузера;Хотите удобней пользоваться интернетом? Звоните!;;;;service;net-config;/services;net/config;800;"[{""name"": ""Услуги"", ""url"": ""/services/""},{""name"": ""Сети и интернет"", ""url"": ""/services/net/""},{""name"": ""Настройка"", ""url"":  ""/services/net/config/""}]";nastroika-brauzera;/assets/images/upload/services/net/config/nastroika-brauzera.jpg;/assets/images/upload/services/net/config/thumb_nastroika-brauzera.jpg
136;Настройка почтового клиента;Настройка почтового клиента;Настройка почтового клиента;Настройка почтового клиента;Хотите более удобно работать с электронной почтой? Звоните!;;;;service;net-config;/services;net/config;900;"[{""name"": ""Услуги"", ""url"": ""/services/""},{""name"": ""Сети и интернет"", ""url"": ""/services/net/""},{""name"": ""Настройка"", ""url"":  ""/services/net/config/""}]";nastroika-pochtovogo-clienta;/assets/images/upload/services/net/config/nastroika-pochtovogo-clienta.jpg;/assets/images/upload/services/net/config/thumb_nastroika-pochtovogo-clienta.jpg
137;Настройка торрент клиента;Настройка торрент клиента;Настройка торрент клиента;Настройка торрент клиента;Хотите качать с торрентов? Звоните!;;;;service;net-config;/services;net/config;1000;"[{""name"": ""Услуги"", ""url"": ""/services/""},{""name"": ""Сети и интернет"", ""url"": ""/services/net/""},{""name"": ""Настройка"", ""url"":  ""/services/net/config/""}]";nastroika-torrent-clienta;/assets/images/upload/services/net/config/nastroika-torrent-clienta.jpg;/assets/images/upload/services/net/config/thumb_nastroika-torrent-clienta.jpg
138;Настройка родительского контроля;Настройка родительского контроля;Настройка родительского контроля;Настройка родительского контроля;Беспокоитесь за детей? Звоните!;;;;service;net-config;/services;net/config;1100;"[{""name"": ""Услуги"", ""url"": ""/services/""},{""name"": ""Сети и интернет"", ""url"": ""/services/net/""},{""name"": ""Настройка"", ""url"":  ""/services/net/config/""}]";nastroika-roditelskogo-kontrolia;/assets/images/upload/services/net/config/nastroika-roditelskogo-kontrolia.jpg;/assets/images/upload/services/net/config/thumb_nastroika-roditelskogo-kontrolia.jpg
139;Регистрация почтового ящика;Регистрация почтового ящика;Регистрация почтового ящика;Регистрация почтового ящика;Нужен электронный постовый ящик? Звоните!;;;;service;net-help;/services;net/help;100;"[{""name"": ""Услуги"", ""url"": ""/services/""},{""name"": ""Сети и интернет"", ""url"": ""/services/net/""},{""name"": ""Помощь"", ""url"":  ""/services/net/help/""}]";registratciia-pochtovogo-iashchika;/assets/images/upload/services/net/help/registratciia-pochtovogo-iashchika.jpg;/assets/images/upload/services/net/help/thumb_registratciia-pochtovogo-iashchika.jpg
140;Регистрация аккаунта в социальной сети;Регистрация аккаунта в социальной сети;Регистрация аккаунта в социальной сети;Регистрация аккаунта в социальной сети;Нужен аккаунт в сощиальной сети? Звоните!;;;;service;net-help;/services;net/help;200;"[{""name"": ""Услуги"", ""url"": ""/services/""},{""name"": ""Сети и интернет"", ""url"": ""/services/net/""},{""name"": ""Помощь"", ""url"":  ""/services/net/help/""}]";registratciia-akkaunta-v-sotcialnoi-seti;/assets/images/upload/services/net/help/registratciia-akkaunta-v-sotcialnoi-seti.jpg;/assets/images/upload/services/net/help/thumb_registratciia-akkaunta-v-sotcialnoi-seti.jpg
141;Выбор места установки роутера;Выбор места установки роутера;Выбор места установки роутера;Выбор места установки роутера;Не знаете где лучше поставить роутер? Звоните!;;;;service;net-help;/services;net/help;300;"[{""name"": ""Услуги"", ""url"": ""/services/""},{""name"": ""Сети и интернет"", ""url"": ""/services/net/""},{""name"": ""Помощь"", ""url"":  ""/services/net/help/""}]";vybor-mesta-ustanovki-routera;/assets/images/upload/services/net/help/vybor-mesta-ustanovki-routera.jpg;/assets/images/upload/services/net/help/thumb_vybor-mesta-ustanovki-routera.jpg
142;Прошивка роутера;Прошивка роутера;Прошивка роутера;Прошивка роутера;Роутер работает неправильно? Звоните!;;;;service;net-troubleshoot;/services;net/troubleshoot;100;"[{""name"": ""Услуги"", ""url"": ""/services/""},{""name"": ""Сети и интернет"", ""url"": ""/services/net/""},{""name"": ""Решение проблем"", ""url"":  ""/services/net/troubleshoot/""}]";proshivka-routera;/assets/images/upload/services/net/troubleshoot/proshivka-routera.jpg;/assets/images/upload/services/net/troubleshoot/thumb_proshivka-routera.jpg
